cons_id,prefix,firstname,middlename,lastname,suffix,salutation,gender,birth_dt,title,employer,occupation,income,source,subsource,userid,password,is_validated,is_banned,change_password_next_login,consent_type_id,create_dt,create_app,create_user,modified_dt,modified_app,modified_user,status,note
1,,,Lee,,MD,,E,,vSkSIzEQJdXnqeTTTXSG,,,29716063420.7735,google,,3663,_kXcXaoK7i,1,0,0,5958,"Fri, 1983-08-26 06:02:03",1484,6162,"Sun, 2015-12-27 09:28:02",4022,6349,1,
2,,,,,II,boFqBKgLlSgEZsFrgCZd,E,"Mon, 2004-11-15",,,,671.7468,facebook,pRzBAZSGNScwCyreCEYr,7125,Ll3ZUxnh*9,0,0,1,4236,"Mon, 1979-03-05 21:08:54",4176,5476,"Tue, 1989-06-20 13:28:57",9010,5698,1,
3,,,David,King,,,D,"Fri, 1994-04-08",bxGxufoNzpKvjwNIxgRj,iPUtgXtqIBEaxQxaMMsr,,,,UAWXnALxxBXmwbPibFdw,5202,&@sU8IaE+L,1,0,1,1263,"Fri, 2008-08-22 19:20:28",4702,8239,"Fri, 2020-06-05 18:13:57",8837,1175,1,
4,Ms.,Mark,Gregg,,,,J,,,pFxPMIlwpLmWhylhVPlq,,8233324476.5424,google,,1591,5vVPwqxK)g,0,0,0,949,"Sun, 1984-04-29 11:18:18",7096,7875,"Tue, 2012-01-31 07:26:35",7529,3984,1,
5,,,Logan,,DDS,ArvPJuEozHPaqbirovMi,D,"Sun, 2008-08-10",kXKlKCyCBoXUBVejPOVO,,QpESbZrLQlRIjKabyAKb,,,,4578,S%3cXL#sKt,1,0,0,7126,"Thu, 2007-07-19 18:28:09",706,5727,"Tue, 1971-04-27 06:53:53",9356,6062,1,
6,,,,Holt,,,K,"Tue, 2003-07-15",DBEfLmqhahjEXOXjLHpF,,,7162584445.0,google,,7499,4pBOiQ1d*&,0,0,1,9079,"Sat, 2014-02-15 22:54:27",7328,6425,"Fri, 1999-11-12 06:09:25",2118,2494,0,productize customized e-services
7,Mr.,Alexandra,Brian,Baldwin,DVM,,X,,,nqVlCruJCtQJOMNAetDO,VJzgqxcwQYtaDYiQpylG,,,,5522,@75bJXu_n6,1,0,1,5809,"Thu, 1979-03-01 16:12:55",9610,6785,"Wed, 2019-03-13 02:52:10",1680,1864,1,
8,,Charles,Teresa,Glover,PhD,,O,"Mon, 1977-04-04",,,kVWxQOxTYRayojFNiAVP,70927.8168621,twitter,,3665,vV9rNrsy0@,1,0,0,1416,"Tue, 2002-07-30 22:28:38",8257,542,"Sat, 1983-07-16 18:30:07",1429,3195,1,evolve real-time relationships
9,,Holly,David,,,,K,,,,,442473.934125054,twitter,PVZjgesmJIcYhZEbSFUF,5932,%+krdsEV2l,0,0,0,5614,"Thu, 2019-08-29 14:50:24",4561,1718,"Sun, 2009-12-20 14:50:14",3368,1975,1,
10,,Chad,,,DVM,YupmMCKEGDZOxnqeIjha,,,,,,,twitter,KdfaUuYePYzcJhOegDEg,1232,!EEfPV@to6,0,0,0,7669,"Tue, 1987-02-17 11:22:04",8761,1288,"Sat, 2016-03-19 17:33:38",1405,5181,1,
11,,Gabriella,Steve,Caldwell,MD,,E,,,,RHvFljrbRvuCSBNeljoN,,google,ZXCmOCagIKoSLqnIwlgO,9337,Sq9t6qUx@e,0,0,0,6820,"Thu, 2018-04-19 10:44:52",4638,2086,"Fri, 1993-06-25 22:34:12",7266,380,1,
12,,,Anthony,,DVM,mIYkeLLtYfwmzYmHyjro,G,"Fri, 1977-02-25",POJTYCsTDzZREofUXvje,GoxSFklWNsTjLmVeIuAC,epLqLUwuFhwTEoWQVHSp,,organic,,8182,ag*0AWxkKx,1,0,0,7071,"Sun, 2004-04-11 18:52:49",7081,6926,"Mon, 2018-07-16 00:25:16",9807,888,0,
13,Dr.,,Shane,,DVM,OwMBJcSUxogZoZAreJmq,,"Tue, 1971-04-13",VPIEdzWqwuRLCSrlHgjW,iwllyiQkwfQjixEAGIlV,qhWiDaiecAbJQptiXpDT,1570063934.3,,GQoJuWymHJDxSDGggPDV,1001,!4shKVd2*y,0,0,0,4913,"Sat, 1979-07-21 05:31:38",2246,2167,"Fri, 1994-03-11 17:52:19",2436,4745,1,